{"cameraMode":{"drawMode":0,"name":"Shaded","section":"Shading Mode"},"sceneLighting":true,"audioPlay":false,"sceneViewState":{"m_AlwaysRefresh":false,"showFog":true,"showSkybox":true,"showFlares":true,"showImageEffects":true,"showParticleSystems":true,"showVisualEffectGraphs":true,"m_FxEnabled":true},"in2DMode":false,"pivot":{"x":2.7613887786865236,"y":3.3271899223327638,"z":3.7602367401123049},"rotation":{"x":-0.14435350894927979,"y":0.22555163502693177,"z":-0.033814236521720889,"w":-0.9628838896751404},"size":2.0085813999176027,"orthographic":false}