{"cameraMode":{"drawMode":0,"name":"Shaded","section":"Shading Mode"},"sceneLighting":false,"audioPlay":false,"sceneViewState":{"m_AlwaysRefresh":false,"showFog":true,"showSkybox":false,"showFlares":true,"showImageEffects":true,"showParticleSystems":true,"showVisualEffectGraphs":true,"m_FxEnabled":true},"in2DMode":false,"pivot":{"x":0.8006918430328369,"y":-2.655245304107666,"z":-0.10734176635742188},"rotation":{"x":0.06445129960775376,"y":-0.011374413035809994,"z":0.0007341025047935545,"w":0.9978575706481934},"size":8.87202262878418,"orthographic":false}